<?xml version='1.0' encoding='UTF-8'?>
<shortcuts>
	<shortcut>
		<defaultID />
		<label>Abenteuer</label>
		<label2>Video Add-On</label2>
		<icon>DefaultShortcut.png</icon>
		<thumb>special://skin/extras/icons/director.png</thumb>
		<action>ActivateWindow(Videos,"plugin://plugin.program.super.favourites/?label=Abenteuer&amp;mode=400&amp;path=special%3A%2F%2Fprofile%2Faddon_data%2Fplugin.program.super.favourites%2FSuper+Favourites%5CAbenteuer&amp;image=https%3A%2F%2Fimage.tmdb.org%2Ft%2Fp%2Fw300%2FfDjUEsC6VVn651KJHbodc0SXpXn.jpg&amp;fanart=https%3A%2F%2Fimage.tmdb.org%2Ft%2Fp%2Fw1280%2F2kOgnTByORg6gvEWWy8ynyJpCXa.jpg&amp;content_type=",return)</action>
	</shortcut>
	<shortcut>
		<defaultID />
		<label>Action</label>
		<label2>Benutzerdefinierte Einträge</label2>
		<icon>DefaultShortcut.png</icon>
		<thumb>special://skin/extras/icons/skull.png</thumb>
		<action>ActivateWindow(Videos,"plugin://plugin.program.super.favourites/?label=Action&amp;mode=400&amp;path=special%3A%2F%2Fprofile%2Faddon_data%2Fplugin.program.super.favourites%2FSuper+Favourites%5CAction&amp;image=https%3A%2F%2Fimage.tmdb.org%2Ft%2Fp%2Fw300%2Fm6aodY7SrvlTRiUFkxClaNAIQT.jpg&amp;fanart=https%3A%2F%2Fimage.tmdb.org%2Ft%2Fp%2Fw1280%2Fe6nQFLsLP60Erv41JE4QrsEgJbI.jpg&amp;content_type=",return)</action>
	</shortcut>
	<shortcut>
		<defaultID />
		<label>Horror</label>
		<label2>Benutzerdefinierte Einträge</label2>
		<icon>DefaultShortcut.png</icon>
		<thumb>special://skin/extras/icons/grooveshark.png</thumb>
		<action>ActivateWindow(Programs,"plugin://plugin.program.super.favourites/?label=Horror&amp;mode=400&amp;path=special%3A%2F%2Fhome%2Fuserdata%2Faddon_data%2Fplugin.program.super.favourites%2FSuper+Favourites%5CHorror&amp;image=https%3A%2F%2Fimage.tmdb.org%2Ft%2Fp%2Fw300%2FAeJYo2wLVL6NpkHxpWIptGbQD0N.jpg&amp;fanart=https%3A%2F%2Fimage.tmdb.org%2Ft%2Fp%2Fw1280%2Fn4oKG6cuQ5JP12BRAmT5t9dk14t.jpg&amp;content_type=",return)</action>
	</shortcut>
	<shortcut>
		<defaultID />
		<label>Komödie</label>
		<label2>Benutzerdefinierte Einträge</label2>
		<icon>DefaultShortcut.png</icon>
		<thumb>special://skin/extras/icons/soundwave.png</thumb>
		<action>ActivateWindow(Programs,"plugin://plugin.program.super.favourites/?label=Komoedie&amp;mode=400&amp;path=special%3A%2F%2Fprofile%2Faddon_data%2Fplugin.program.super.favourites%2FSuper+Favourites%5CKomoedie&amp;image=https%3A%2F%2Fimage.tmdb.org%2Ft%2Fp%2Fw300%2Fl99PKd9tdwtpOS5jxHwDGKTsVUo.jpg&amp;fanart=https%3A%2F%2Fimage.tmdb.org%2Ft%2Fp%2Fw1280%2F2kEQsFkFRpCXRmgMg7g4WgZYSlk.jpg&amp;content_type=",return)</action>
	</shortcut>
	<shortcut>
		<defaultID />
		<label>Sci-Fi</label>
		<label2>Programm</label2>
		<icon>DefaultShortcut.png</icon>
		<thumb>special://skin/extras/icons/antenna.png</thumb>
		<action>ActivateWindow(Programs,"plugin://plugin.program.super.favourites/?label=Sci-Fi&amp;mode=400&amp;path=special%3A%2F%2Fhome%2Fuserdata%2Faddon_data%2Fplugin.program.super.favourites%2FSuper+Favourites%5CSci-Fi&amp;image=https%3A%2F%2Fimage.tmdb.org%2Ft%2Fp%2Fw300%2FxWt9KAcToCRdJ6JH8JyZZlhkVgG.jpg&amp;fanart=special://home/addons%5Cplugin.program.super.favourites%5Cfanart.jpg&amp;content_type=",return)</action>
	</shortcut>
</shortcuts>
