<?xml version="1.0" encoding="UTF-8" standalone="yes"?>
<addon id="repository.repo.archive" name="WRP-Repository Archive" version="1.0.0" provider-name="DWH">
	<extension point="xbmc.addon.repository" name="WRP-Repository Archive">
		<info compressed="false">https://raw.github.com/DWH-WFC/repository.repo.archive/master/addons.xml</info>
		<checksum>https://raw.github.com/DWH-WFC/repository.repo.archive/master/addons.xml.md5</checksum>
		<datadir zip="true">https://raw.github.com/DWH-WFC/repository.repo.archive/master/zips/</datadir>
	</extension>
        <extension point="xbmc.addon.metadata">
        <summary lang="de">WRP-Repository Archive</summary>
        <description lang="de">WRP-Repository Archive</description>
        <summary lang="en">WRP-Repository Archive</summary>
        <description lang="en">WRP-Repository Archive</description>
        <platform>all</platform>
        <forum>https://gitter.im/WRP-Lounge/WRP-Metaplayer</forum>
        <assets>
            <icon>icon.png</icon>
            <fanart>fanart.jpg</fanart>
            <banner></banner>
            <clearlogo></clearlogo>
            <screenshot></screenshot>
        </assets>
   	</extension>
</addon>
