<window>
    <defaultcontrol always="true">300</defaultcontrol>
    <include>Defs_Settings_OnLoad</include>
    <onunload>RunScript(script.skinshortcuts,type=buildxml&amp;mainmenuID=300&amp;mode=single&amp;group=mainmenu|powermenu)</onunload>
    <onunload condition="System.HasAddon(script.colorbox)">SetProperty(NINE_manual_set,"var=main,set=$INFO[Skin.String(colorbox_main)]|var=comp,set=$INFO[Skin.String(colorbox_comp)]|var=quality,set=$INFO[Skin.String(colorbox_quality)]|var=blursize,set=$INFO[Skin.String(colorbox_blursize)]|var=bitsize,set=$INFO[Skin.String(colorbox_bitsize)]|var=pixelsize,set=$INFO[Skin.String(colorbox_pixelsize)]|var=black,set=$INFO[Skin.String(colorbox_black)]|var=white,set=$INFO[Skin.String(colorbox_white)]|var=blend,set=$INFO[Skin.String(colorbox_blend)]|var=desat,set=$INFO[Skin.String(colorbox_desat)]",home)</onunload> 
    <onload condition="String.IsEmpty(Window.Property(CurrentFocus))">SetProperty(CurrentFocus,$NUMBER[9001])</onload>
    <controls>

        <include>Global_Background</include>

        <control type="group">
            <include>Dialog_Settings_Panel</include>
            <control type="group">
                <control type="label">
                    <left>view_pad</left>
                    <height>80</height>
                    <label>$INFO[System.AddonVersion(skin.aura.wrp),Aura WRP Mod ,]</label>
                    <font>font_button</font>
                    <textcolor>main_fg_30</textcolor>
                </control>

                <control type="group">
                    <top>80</top>
                    <height>800</height>

                    <!-- Left Gradient Fade -->
                    <control type="image">
                        <top>0</top>
                        <height>80</height>
                        <width>450</width>
                        <texture colordiffuse="$VAR[ColorHighlight]">common/white.png</texture>
                        <visible>![Control.HasFocus(3901) | Control.HasFocus(3902) | Control.HasFocus(3903) | Control.HasFocus(300)] + !Control.HasFocus(302)</visible>
                        <animation effect="slide" end="0,80" condition="Integer.IsGreater(Container(9000).Position,0)">Conditional</animation>
                        <animation effect="slide" end="0,80" condition="Integer.IsGreater(Container(9000).Position,1)">Conditional</animation>
                        <animation effect="slide" end="0,80" condition="Integer.IsGreater(Container(9000).Position,2)">Conditional</animation>
                        <animation effect="slide" end="0,80" condition="Integer.IsGreater(Container(9000).Position,3)">Conditional</animation>
                        <animation effect="slide" end="0,80" condition="Integer.IsGreater(Container(9000).Position,4)">Conditional</animation>
                        <animation effect="slide" end="0,80" condition="Integer.IsGreater(Container(9000).Position,5)">Conditional</animation>
                        <animation effect="slide" end="0,80" condition="Integer.IsGreater(Container(9000).Position,6)">Conditional</animation>
                        <animation effect="slide" end="0,80" condition="Integer.IsGreater(Container(9000).Position,7)">Conditional</animation>
                        <animation effect="slide" end="0,80" condition="Integer.IsGreater(Container(9000).Position,8)">Conditional</animation>
                    </control>

                    <!-- Right Gradient Fade -->
                    <control type="image">
                        <top>0</top>
                        <left>450</left>
                        <height>80</height>
                        <right>0</right>
                        <texture colordiffuse="$VAR[ColorHighlight]">common/white.png</texture>
                        <visible>ControlGroup(9999).HasFocus()</visible>
                        <animation effect="slide" end="0,80" condition="Integer.IsGreater(Container(9999).Position,0)">Conditional</animation>
                        <animation effect="slide" end="0,80" condition="Integer.IsGreater(Container(9999).Position,1)">Conditional</animation>
                        <animation effect="slide" end="0,80" condition="Integer.IsGreater(Container(9999).Position,2)">Conditional</animation>
                        <animation effect="slide" end="0,80" condition="Integer.IsGreater(Container(9999).Position,3)">Conditional</animation>
                        <animation effect="slide" end="0,80" condition="Integer.IsGreater(Container(9999).Position,4)">Conditional</animation>
                        <animation effect="slide" end="0,80" condition="Integer.IsGreater(Container(9999).Position,5)">Conditional</animation>
                        <animation effect="slide" end="0,80" condition="Integer.IsGreater(Container(9999).Position,6)">Conditional</animation>
                        <animation effect="slide" end="0,80" condition="Integer.IsGreater(Container(9999).Position,7)">Conditional</animation>
                        <animation effect="slide" end="0,80" condition="Integer.IsGreater(Container(9999).Position,8)">Conditional</animation>
                    </control>

                    <!-- Left Group -->
                    <control type="grouplist" id="9000">
                        <description>Button Area</description>
                        <width>450</width>
                        <top>0</top>
                        <bottom>0</bottom>
                        <itemgap>0</itemgap>
                        <include>Defs_Settings_OnLeft</include>
                        <onright>9999</onright>
                        <orientation>vertical</orientation>
                        <control type="togglebutton" id="9001" description="Home">
                            <onfocus>SetProperty(CurrentFocus,$NUMBER[9001])</onfocus>
                            <usealttexture>![Control.HasFocus(3901) | Control.HasFocus(3902) | Control.HasFocus(3903) | Control.HasFocus(300)] + !Control.HasFocus(302) + Integer.IsEqual(Window.Property(CurrentFocus),9001)</usealttexture>
                            <alttexturenofocus colordiffuse="$VAR[Defs_Settings_ColorHighlight]">common/gradient-diffuse-horizontal.png</alttexturenofocus>
                            <width>450</width>
                            <include>Defs_Settings_Button</include>
                            <label>10000</label>
                        </control>
                        <control type="togglebutton" id="9002" description="Background">
                            <onfocus>SetProperty(CurrentFocus,$NUMBER[9002])</onfocus>
                            <usealttexture>![Control.HasFocus(3901) | Control.HasFocus(3902) | Control.HasFocus(3903) | Control.HasFocus(300)] + !Control.HasFocus(302) + Integer.IsEqual(Window.Property(CurrentFocus),9002)</usealttexture>
                            <alttexturenofocus colordiffuse="$VAR[Defs_Settings_ColorHighlight]">common/gradient-diffuse-horizontal.png</alttexturenofocus>
                            <width>450</width>
                            <include>Defs_Settings_Button</include>
                            <label>31110</label>
                        </control>

                        <control type="togglebutton" id="9003" description="Background Effects">
                            <onfocus>SetProperty(CurrentFocus,$NUMBER[9003])</onfocus>
                            <usealttexture>![Control.HasFocus(3901) | Control.HasFocus(3902) | Control.HasFocus(3903) | Control.HasFocus(300)] + !Control.HasFocus(302) + Integer.IsEqual(Window.Property(CurrentFocus),9003)</usealttexture>
                            <alttexturenofocus colordiffuse="$VAR[Defs_Settings_ColorHighlight]">common/gradient-diffuse-horizontal.png</alttexturenofocus>
                            <width>450</width>
                            <include>Defs_Settings_Button</include>
                            <label>$LOCALIZE[31339]</label>
                        </control>

                        <control type="togglebutton" id="9004" description="Colors">
                            <onfocus>SetProperty(CurrentFocus,$NUMBER[9004])</onfocus>
                            <usealttexture>![Control.HasFocus(3901) | Control.HasFocus(3902) | Control.HasFocus(3903) | Control.HasFocus(300)] + !Control.HasFocus(302) + Integer.IsEqual(Window.Property(CurrentFocus),9004)</usealttexture>
                            <alttexturenofocus colordiffuse="$VAR[Defs_Settings_ColorHighlight]">common/gradient-diffuse-horizontal.png</alttexturenofocus>
                            <width>450</width>
                            <include>Defs_Settings_Button</include>
                            <label>$LOCALIZE[31021]</label>
                        </control>

                        <control type="togglebutton" id="9005" description="Views">
                            <onfocus>SetProperty(CurrentFocus,$NUMBER[9005])</onfocus>
                            <usealttexture>![Control.HasFocus(3901) | Control.HasFocus(3902) | Control.HasFocus(3903) | Control.HasFocus(300)] + !Control.HasFocus(302) + Integer.IsEqual(Window.Property(CurrentFocus),9005)</usealttexture>
                            <alttexturenofocus colordiffuse="$VAR[Defs_Settings_ColorHighlight]">common/gradient-diffuse-horizontal.png</alttexturenofocus>
                            <width>450</width>
                            <include>Defs_Settings_Button</include>
                            <label>$LOCALIZE[14022]</label>
                        </control>

                        <control type="togglebutton" id="9006" description="Miscellaneous">
                            <onfocus>SetProperty(CurrentFocus,$NUMBER[9006])</onfocus>
                            <usealttexture>![Control.HasFocus(3901) | Control.HasFocus(3902) | Control.HasFocus(3903) | Control.HasFocus(300)] + !Control.HasFocus(302) + Integer.IsEqual(Window.Property(CurrentFocus),9006)</usealttexture>
                            <alttexturenofocus colordiffuse="$VAR[Defs_Settings_ColorHighlight]">common/gradient-diffuse-horizontal.png</alttexturenofocus>
                            <width>450</width>
                            <include>Defs_Settings_Button</include>
                            <label>$LOCALIZE[31024]</label>
                        </control>

                        <control type="togglebutton" id="9007" description="OSD">
                            <onfocus>SetProperty(CurrentFocus,$NUMBER[9007])</onfocus>
                            <usealttexture>![Control.HasFocus(3901) | Control.HasFocus(3902) | Control.HasFocus(3903) | Control.HasFocus(300)] + !Control.HasFocus(302) + Integer.IsEqual(Window.Property(CurrentFocus),9007)</usealttexture>
                            <alttexturenofocus colordiffuse="$VAR[Defs_Settings_ColorHighlight]">common/gradient-diffuse-horizontal.png</alttexturenofocus>
                            <width>450</width>
                            <include>Defs_Settings_Button</include>
                            <label>31270</label>
                        </control>

                        <control type="togglebutton" id="9008" description="Dependencies">
                            <onfocus>SetProperty(CurrentFocus,$NUMBER[9008])</onfocus>
                            <usealttexture>![Control.HasFocus(3901) | Control.HasFocus(3902) | Control.HasFocus(3903) | Control.HasFocus(300)] + !Control.HasFocus(302) + Integer.IsEqual(Window.Property(CurrentFocus),9008)</usealttexture>
                            <alttexturenofocus colordiffuse="$VAR[Defs_Settings_ColorHighlight]">common/gradient-diffuse-horizontal.png</alttexturenofocus>
                            <width>450</width>
                            <include>Defs_Settings_Button</include>
                            <label>$LOCALIZE[24996]</label>
                        </control>

                        <control type="togglebutton" id="9009" description="Reset Backup">
                            <onfocus>SetProperty(CurrentFocus,$NUMBER[9009])</onfocus>
                            <usealttexture>![Control.HasFocus(3901) | Control.HasFocus(3902) | Control.HasFocus(3903) | Control.HasFocus(300)] + !Control.HasFocus(302) + Integer.IsEqual(Window.Property(CurrentFocus),9009)</usealttexture>
                            <alttexturenofocus colordiffuse="$VAR[Defs_Settings_ColorHighlight]">common/gradient-diffuse-horizontal.png</alttexturenofocus>
                            <width>450</width>
                            <include>Defs_Settings_Button</include>
                            <label>$LOCALIZE[31030]</label>
                        </control>
                    </control>

                    <!-- Right Group -->
                    <control type="grouplist" id="9999">
                        <description>Control Area</description>
                        <left>450</left>
                        <right>0</right>
                        <top>0</top>
                        <bottom>80</bottom>
                        <itemgap>0</itemgap>
                        <onleft>9000</onleft>
                        <include>Defs_Settings_OnRight</include>
                        <orientation>vertical</orientation>
                        <scrolltime>0</scrolltime>
                        <!-- ==== -->
                        <!-- Home -->
                        <!-- ==== -->
                        <control type="button" id="9101" description="Customise Home">
                            <visible>Integer.IsEqual(Window.Property(CurrentFocus),9001)</visible>
                            <include>Defs_Settings_Button</include>
                            <label>$LOCALIZE[31109]</label>
                            <onclick>RunScript(script.skinshortcuts,type=manage&amp;group=mainmenu)</onclick>
                        </control>
                        <control type="radiobutton" id="9102" description="Touch / Mouse enabled widgets">
                            <visible>Integer.IsEqual(Window.Property(CurrentFocus),9001)</visible>
                            <include>Defs_Settings_Button</include>
                            <label>$LOCALIZE[31364]</label>
                            <selected>Skin.HasSetting(MouseMode)</selected>
                            <onclick>Skin.ToggleSetting(MouseMode)</onclick>
                            <onclick>ReloadSkin()</onclick>
                        </control>
                        <control type="button" id="9103" description="Widget Item Limit">
                            <visible>Integer.IsEqual(Window.Property(CurrentFocus),9001)</visible>
                            <include>Defs_Settings_Button</include>
                            <label>$LOCALIZE[31342]</label>
                            <label2>$VAR[Label_WidgetItemLimit]</label2>
                            <onclick condition="String.IsEmpty(Skin.String(HomeWidgetItemLimit)) | String.IsEqual(Skin.String(HomeWidgetItemLimit),10)">Skin.SetString(HomeWidgetItemLimit,$NUMBER[25])</onclick>
                            <onclick condition="String.IsEqual(Skin.String(HomeWidgetItemLimit),25)">Skin.SetString(HomeWidgetItemLimit,$NUMBER[50])</onclick>
                            <onclick condition="String.IsEqual(Skin.String(HomeWidgetItemLimit),50)">Skin.SetString(HomeWidgetItemLimit,$LOCALIZE[21428])</onclick>
                            <onclick condition="String.IsEqual(Skin.String(HomeWidgetItemLimit),$LOCALIZE[21428])">Skin.SetString(HomeWidgetItemLimit,$NUMBER[10])</onclick>
                        </control>
                        <control type="radiobutton" id="9104" description="Display categories widget">
                            <visible>Integer.IsEqual(Window.Property(CurrentFocus),9001)</visible>
                            <include>Defs_Settings_Button</include>
                            <label>$LOCALIZE[31002]</label>
                            <selected>!Skin.HasSetting(HideSubmenuWidget)</selected>
                            <onclick>Skin.ToggleSetting(HideSubmenuWidget)</onclick>
                        </control>
                        <control type="radiobutton" id="9105" description="Categories widget labels">
                            <visible>Integer.IsEqual(Window.Property(CurrentFocus),9001)</visible>
                            <include>Defs_Settings_Button</include>
                            <label>$LOCALIZE[31371]</label>
                            <enable>!Skin.HasSetting(HideSubmenuWidget)</enable>
                            <selected>!Skin.HasSetting(DisableCategoriesWidgetLabel)</selected>
                            <onclick>Skin.ToggleSetting(DisableCategoriesWidgetLabel)</onclick>
                            <onclick>ReloadSkin()</onclick>
                        </control>
                        <control type="radiobutton" id="9106" description="Show more item">
                            <visible>Integer.IsEqual(Window.Property(CurrentFocus),9001)</visible>
                            <include>Defs_Settings_Button</include>
                            <label>$LOCALIZE[31376]</label>
                            <selected>!Skin.HasSetting(HideShowMoreItem)</selected>
                            <onclick>Skin.ToggleSetting(HideShowMoreItem)</onclick>
                        </control>
                        <control type="radiobutton" id="9107" description="Display text labels on landscape widgets">
                            <visible>Integer.IsEqual(Window.Property(CurrentFocus),9001)</visible>
                            <include>Defs_Settings_Button</include>
                            <label>$LOCALIZE[31291]</label>
                            <selected>!Skin.HasSetting(WidgetLabels)</selected>
                            <onclick>Skin.ToggleSetting(WidgetLabels)</onclick>
                        </control>
                        <control type="radiobutton" id="9108" description="Prefer fanart">
                            <visible>Integer.IsEqual(Window.Property(CurrentFocus),9001)</visible>
                            <include>Defs_Settings_Button</include>
                            <label>$LOCALIZE[31369]</label>
                            <selected>Skin.HasSetting(PreferFanartHome)</selected>
                            <onclick>Skin.ToggleSetting(PreferFanartHome)</onclick>
                        </control>

                        <control type="button" id="9109" description="Menu focus position">
                            <visible>Integer.IsEqual(Window.Property(CurrentFocus),9001)</visible>
                            <include>Defs_Settings_Button</include>
                            <label>$LOCALIZE[31372]</label>
                            <label2>$INFO[Skin.String(MenuPos)]</label2>
                            <onclick condition="String.IsEmpty(Skin.String(MenuPos))">Skin.SetNumeric(MenuPos)</onclick>
                            <onclick condition="!String.IsEmpty(Skin.String(MenuPos))">Skin.Reset(MenuPos)</onclick>
                        </control>

                        <!-- ========== -->
                        <!-- Background -->
                        <!-- ========== -->
                        <control type="radiobutton" id="9201" description="No fanart">
                            <visible>Integer.IsEqual(Window.Property(CurrentFocus),9002)</visible>
                            <include>Defs_Settings_Button</include>
                            <label>$LOCALIZE[31121]</label>
                            <selected>!Skin.HasSetting(NoFanart)</selected>
                            <onclick>Skin.ToggleSetting(NoFanart)</onclick>
                        </control>

                        <control type="button" id="9202" description="Set Fallback Image">
                            <visible>Integer.IsEqual(Window.Property(CurrentFocus),9002)</visible>
                            <include>Defs_Settings_Button</include>
                            <label>31150</label>
                            <label2>$INFO[Skin.String(fanart.fallback)]</label2>
                            <onclick condition="!System.HasAddon(script.toolbox)">InstallAddon(script.toolbox)</onclick>
                            <onclick>SetProperty(Dialog.1.Label,$LOCALIZE[16018])</onclick>
                            <onclick>SetProperty(Dialog.1.BuiltIn,Skin.Reset(fanart.fallback))</onclick>
                            <onclick>SetProperty(Dialog.2.Label,$LOCALIZE[31271])</onclick>
                            <onclick>SetProperty(Dialog.2.BuiltIn,Skin.SetImage(fanart.fallback))</onclick>
                            <onclick>RunScript(script.toolbox,info=selectdialog,header=$LOCALIZE[31150])</onclick>
                        </control>

                        <control type="radiobutton" id="9203" description="Show video in background">
                            <visible>Integer.IsEqual(Window.Property(CurrentFocus),9002)</visible>
                            <include>Defs_Settings_Button</include>
                            <label>31111</label>
                            <selected>Skin.HasSetting(global.showvideo)</selected>
                            <onclick>Skin.ToggleSetting(global.showvideo)</onclick>
                        </control>

                        <control type="radiobutton" id="9204" description="Show vis in background">
                            <visible>Integer.IsEqual(Window.Property(CurrentFocus),9002)</visible>
                            <include>Defs_Settings_Button</include>
                            <label>31172</label>
                            <selected>Skin.HasSetting(global.showvisualisation)</selected>
                            <onclick>Skin.ToggleSetting(global.showvisualisation)</onclick>
                        </control>

                        <!-- ================== -->
                        <!-- Background Effects -->
                        <!-- ================== -->
                        <control type="button" id="9301" description="Transparent background">
                            <visible>Integer.IsEqual(Window.Property(CurrentFocus),9003)</visible>
                            <include>Defs_Settings_Button</include>
                            <label>$LOCALIZE[31313]</label>
                            <label2>$INFO[Skin.String(TransparencyLevel)]</label2>
                            <onclick condition="!String.IsEqual(Skin.String(TransparencyLevel),$LOCALIZE[31000])">Skin.SetString(TransparencyLevel,$LOCALIZE[31000])</onclick>
                            <onclick condition="String.IsEqual(Skin.String(TransparencyLevel),$LOCALIZE[31000])">Skin.SetString(TransparencyLevel,$LOCALIZE[31316])</onclick>
                        </control>

                        <control type="radiobutton" id="9302" description="Disable color overlay">
                            <visible>Integer.IsEqual(Window.Property(CurrentFocus),9003)</visible>
                            <include>Defs_Settings_Button</include>
                            <label>$LOCALIZE[31336]</label>
                            <selected>!Skin.HasSetting(DisableOverlayColor)</selected>
                            <!-- <onclick condition="Skin.HasSetting(DisableOverlayColor)">Skin.Reset(DisableVignette)</onclick> -->
                            <onclick>Skin.ToggleSetting(DisableOverlayColor)</onclick>
                        </control>

                        <control type="radiobutton" id="9303" description="Disable vignette overlay">
                            <visible>Integer.IsEqual(Window.Property(CurrentFocus),9003)</visible>
                            <include>Defs_Settings_Button</include>
                            <label>$LOCALIZE[31338]</label>
                            <selected>!Skin.HasSetting(DisableVignette)</selected>
                            <!-- <enable>Skin.HasSetting(DisableOverlayColor)</enable> -->
                            <onclick>Skin.ToggleSetting(DisableVignette)</onclick>
                        </control>

                        <control type="radiobutton" id="9304" description="Blur background fanart">
                            <visible>Integer.IsEqual(Window.Property(CurrentFocus),9003)</visible>
                            <include>Defs_Settings_Button</include>
                            <label>$LOCALIZE[31275]</label>
                            <selected>Skin.HasSetting(EnableBlur)</selected>
                            <onclick condition="!System.HasAddon(script.colorbox)">InstallAddon(script.colorbox)</onclick>
                            <onclick condition="System.HasAddon(script.colorbox) + !Skin.HasSetting(EnableBlur)">SetProperty(FIVE_daemon_set,blur,home)</onclick>
                            <onclick condition="System.HasAddon(script.colorbox) + !Skin.HasSetting(EnableBlur)">RunScript(script.colorbox,daemon=True)</onclick>
                            <onclick condition="System.HasAddon(script.colorbox) + !Skin.HasSetting(EnableBlur)">AlarmClock(nms1,SetProperty(NINE_manual_set,"var=quality,set=$INFO[Skin.String(colorbox_quality)]|var=blursize,set=$INFO[Skin.String(colorbox_blursize)]|var=bitsize,set=$INFO[Skin.String(colorbox_bitsize)]|var=pixelsize,set=$INFO[Skin.String(colorbox_pixelsize)]|var=black,set=$INFO[Skin.String(colorbox_black)]|var=white,set=$INFO[Skin.String(colorbox_white)]",home),00:05,true)</onclick>
                            <onclick condition="System.HasAddon(script.colorbox)">Skin.ToggleSetting(EnableBlur)</onclick>
                        </control>

                        <control type="radiobutton" id="9305" description="Only blur video info">
                            <visible>Integer.IsEqual(Window.Property(CurrentFocus),9003)</visible>
                            <include>Defs_Settings_Button</include>
                            <label>$LOCALIZE[31154]</label>
                            <selected>Skin.HasSetting(OnlyBlurInfo)</selected>
                            <onclick>Skin.ToggleSetting(OnlyBlurInfo)</onclick>
                            <enable>Skin.HasSetting(EnableBlur) + System.HasAddon(script.colorbox)</enable>
                        </control>

                        <control type="button" id="9306" description="Color Box Advanced Settings">
                            <visible>Integer.IsEqual(Window.Property(CurrentFocus),9003)</visible>
                            <include>Defs_Settings_Button</include>
                            <label>$LOCALIZE[31330]</label>
                            <onclick>ActivateWindow(1116)</onclick>
                            <enable>Skin.HasSetting(EnableBlur) + System.HasAddon(script.colorbox)</enable>
                        </control>

                        <control type="radiobutton" id="9307" description="Poster Back Gradient">
                            <visible>Integer.IsEqual(Window.Property(CurrentFocus),9003)</visible>
                            <include>Defs_Settings_Button</include>
                            <label>$LOCALIZE[31375]</label>
                            <selected>Skin.HasSetting(PosterBackGradient)</selected>
                            <onclick>Skin.ToggleSetting(PosterBackGradient)</onclick>
                        </control>

                        <control type="radiobutton" id="9308" description="Shadows">
                            <visible>Integer.IsEqual(Window.Property(CurrentFocus),9003)</visible>
                            <include>Defs_Settings_Button</include>
                            <label>$LOCALIZE[31318]</label>
                            <selected>!Skin.HasSetting(DisableShadows)</selected>
                            <onclick>Skin.ToggleSetting(DisableShadows)</onclick>
                        </control>

                        <control type="button" id="9309">
                            <visible>Integer.IsEqual(Window.Property(CurrentFocus),9003)</visible>
                            <label>$LOCALIZE[31321]</label>
                            <include>Defs_Settings_Button</include>
                            <onclick>Skin.Reset(MatchOverlayColors)</onclick>
                            <onclick>Skin.Reset(DisableOverlayColor)</onclick>
                            <onclick>Skin.Reset(DisableVignette)</onclick>
                            <onclick>Skin.Reset(EnableBlur)</onclick>
                            <onclick>Skin.Reset(OnlyBlurInfo)</onclick>
                            <onclick>Skin.Reset(TransparencyLevel)</onclick>
                            <onclick>Skin.Reset(DisableShadows)</onclick>
                        </control>

                        <!-- ====== -->
                        <!-- Colors -->
                        <!-- ====== -->
                        <control type="button" id="9401" description="Color Highlight">
                            <visible>Integer.IsEqual(Window.Property(CurrentFocus),9004)</visible>
                            <include>Defs_Settings_Button</include>
                            <enable>!Skin.HasSetting(CycleColors)</enable>
                            <label>31286</label>
                            <label2>$INFO[Skin.String(focuscolor.name)]</label2>
                            <onclick condition="!System.HasAddon(script.skin.helper.colorpicker)">InstallAddon(script.skin.helper.colorpicker)</onclick>
                            <onclick>RunScript(script.skin.helper.colorpicker,skinstring=focuscolor.name)</onclick>
                        </control>
                        <control type="button" id="9402" description="Color Highlight">
                            <visible>Integer.IsEqual(Window.Property(CurrentFocus),9004)</visible>
                            <include>Defs_Settings_Button</include>
                            <enable>!Skin.HasSetting(CycleColors)</enable>
                            <label>$LOCALIZE[31250]</label>
                            <label2>$INFO[Skin.String(gradientcolor.name)]</label2>
                            <onclick condition="!System.HasAddon(script.skin.helper.colorpicker)">InstallAddon(script.skin.helper.colorpicker)</onclick>
                            <onclick>RunScript(script.skin.helper.colorpicker,skinstring=gradientcolor.name)</onclick>
                        </control>
                        <control type="button" id="9403" description="Set overlaycolor ">
                            <visible>Integer.IsEqual(Window.Property(CurrentFocus),9004)</visible>
                            <include>Defs_Settings_Button</include>
                            <label>$LOCALIZE[31273]</label>
                            <label2>$VAR[Label_OverlayColor]</label2>
                            <onclick condition="Skin.HasSetting(DisableOverlayColor)">Skin.ToggleSetting(DisableOverlayColor)</onclick>
                            <onclick condition="!System.HasAddon(script.skin.helper.colorpicker)">InstallAddon(script.skin.helper.colorpicker)</onclick>
                            <onclick>RunScript(script.skin.helper.colorpicker,skinstring=overlaycolor.name)</onclick>
                            <enable>!Skin.HasSetting(MatchOverlayColors)</enable>
                        </control>

                        <control type="radiobutton" id="9404" description="Enable color matching">
                            <visible>Integer.IsEqual(Window.Property(CurrentFocus),9004)</visible>
                            <include>Defs_Settings_Button</include>
                            <label>$LOCALIZE[31288]</label>
                            <selected>Skin.HasSetting(MatchColors)</selected>
                            <onclick condition="!System.HasAddon(script.colorbox)">InstallAddon(script.colorbox)</onclick>
                            <onclick condition="System.HasAddon(script.colorbox) + !Skin.HasSetting(MatchColors)">SetProperty(SEVEN_daemon_set,True,home)</onclick>
                            <onclick condition="System.HasAddon(script.colorbox) + !Skin.HasSetting(MatchColors)">RunScript(script.colorbox,daemon=True)</onclick>
                            <onclick condition="System.HasAddon(script.colorbox) + !Skin.HasSetting(MatchColors)">AlarmClock(nms1,SetProperty(NINE_manual_set,"var=main,set=$INFO[Skin.String(colorbox_main)]|var=comp,set=$INFO[Skin.String(colorbox_comp)]|var=quality,set=$INFO[Skin.String(colorbox_quality)]|var=blursize,set=$INFO[Skin.String(colorbox_blursize)]|var=bitsize,set=$INFO[Skin.String(colorbox_bitsize)]|var=pixelsize,set=$INFO[Skin.String(colorbox_pixelsize)]|var=black,set=$INFO[Skin.String(colorbox_black)]|var=white,set=$INFO[Skin.String(colorbox_white)]",home),00:05,true)</onclick>
                            <onclick condition="System.HasAddon(script.colorbox)">Skin.ToggleSetting(MatchColors)</onclick>
                        </control>

                        <control type="radiobutton" id="9405" description="Match overlay">
                            <visible>Integer.IsEqual(Window.Property(CurrentFocus),9004)</visible>
                            <include>Defs_Settings_Button</include>
                            <label>$LOCALIZE[31335]</label>
                            <selected>Skin.HasSetting(MatchOverlayColors)</selected>
                            <onclick condition="!System.HasAddon(script.colorbox)">InstallAddon(script.colorbox)</onclick>
                            <onclick condition="System.HasAddon(script.colorbox) + !Skin.HasSetting(MatchOverlayColors)">SetProperty(SEVEN_daemon_set,True,home)</onclick>
                            <onclick condition="System.HasAddon(script.colorbox) + !Skin.HasSetting(MatchOverlayColors)">RunScript(script.colorbox,daemon=True)</onclick>
                            <onclick condition="System.HasAddon(script.colorbox) + !Skin.HasSetting(MatchOverlayColors)">AlarmClock(nms1,SetProperty(NINE_manual_set,"var=main,set=$INFO[Skin.String(colorbox_main)]|var=comp,set=$INFO[Skin.String(colorbox_comp)]|var=quality,set=$INFO[Skin.String(colorbox_quality)]|var=blursize,set=$INFO[Skin.String(colorbox_blursize)]|var=bitsize,set=$INFO[Skin.String(colorbox_bitsize)]|var=pixelsize,set=$INFO[Skin.String(colorbox_pixelsize)]|var=black,set=$INFO[Skin.String(colorbox_black)]|var=white,set=$INFO[Skin.String(colorbox_white)]",home),00:05,true)</onclick>
                            <onclick condition="System.HasAddon(script.colorbox)">Skin.ToggleSetting(MatchOverlayColors)</onclick>
                            <enable>!Skin.HasSetting(DisableOverlayColor)</enable>
                        </control>

                        <control type="radiobutton" id="9406" description="Enable color cycling">
                            <visible>Integer.IsEqual(Window.Property(CurrentFocus),9004)</visible>
                            <include>Defs_Settings_Button</include>
                            <label>$LOCALIZE[31305]</label>
                            <selected>Skin.HasSetting(CycleColors)</selected>
                            <onclick condition="!System.HasAddon(script.colorbox)">InstallAddon(script.colorbox)</onclick>
                            <onclick condition="System.HasAddon(script.colorbox) + !Skin.HasSetting(CycleColors)">SetProperty(SEVEN_daemon_set,True,home)</onclick>
                            <onclick condition="System.HasAddon(script.colorbox) + !Skin.HasSetting(CycleColors)">RunScript(script.colorbox,daemon=True)</onclick>
                            <onclick condition="System.HasAddon(script.colorbox) + !Skin.HasSetting(CycleColors)">AlarmClock(nms1,SetProperty(NINE_manual_set,"var=main,set=$INFO[Skin.String(colorbox_main)]|var=comp,set=$INFO[Skin.String(colorbox_comp)]|var=quality,set=$INFO[Skin.String(colorbox_quality)]|var=blursize,set=$INFO[Skin.String(colorbox_blursize)]|var=bitsize,set=$INFO[Skin.String(colorbox_bitsize)]|var=pixelsize,set=$INFO[Skin.String(colorbox_pixelsize)]|var=black,set=$INFO[Skin.String(colorbox_black)]|var=white,set=$INFO[Skin.String(colorbox_white)]",home),00:05,true)</onclick>
                            <onclick condition="System.HasAddon(script.colorbox)">Skin.ToggleSetting(CycleColors)</onclick>
                        </control>

                        <control type="button" id="9499">
                            <visible>Integer.IsEqual(Window.Property(CurrentFocus),9004)</visible>
                            <label>$LOCALIZE[31321]</label>
                            <include>Defs_Settings_Button</include>
                            <onclick>Skin.Reset(focuscolor.name)</onclick>
                            <onclick>Skin.Reset(gradientcolor.name)</onclick>
                            <onclick>Skin.Reset(overlaycolor.name)</onclick>
                            <onclick>Skin.Reset(CycleColors)</onclick>
                            <onclick>Skin.Reset(MatchColors)</onclick>
                            <onclick>Skin.Reset(MatchOverlayColors)</onclick>
                        </control>
                        
                        <!-- ======= -->
                        <!-- Library -->
                        <!-- ======= -->
                        <control type="radiobutton" id="9501">
                            <visible>Integer.IsEqual(Window.Property(CurrentFocus),9005)</visible>
                            <label>$LOCALIZE[31022]</label>
                            <include>Defs_Settings_Button</include>
                            <selected>Skin.HasSetting(SkinHelper.EnableAnimatedPosters)</selected>
                            <onclick>Skin.ToggleSetting(SkinHelper.EnableAnimatedPosters)</onclick>
                        </control>

                        <control type="radiobutton" id="9502">
                            <visible>Integer.IsEqual(Window.Property(CurrentFocus),9005)</visible>
                            <label>$LOCALIZE[31255]</label>
                            <onclick>Skin.ToggleSetting(DisableFakeLandscapeArt)</onclick>
                            <selected>!Skin.HasSetting(DisableFakeLandscapeArt)</selected>
                            <include>Defs_Settings_Button</include>
                        </control>

                        <control type="radiobutton" id="9503" description="Enable View Text">
                            <visible>Integer.IsEqual(Window.Property(CurrentFocus),9005)</visible>
                            <include>Defs_Settings_Button</include>
                            <label>$LOCALIZE[31042]</label>
                            <selected>!Skin.HasSetting(DisableViewText)</selected>
                            <onclick>Skin.ToggleSetting(DisableViewText)</onclick>
                        </control>

                        <control type="radiobutton" id="9504" description="Disable plot outline">
                            <visible>Integer.IsEqual(Window.Property(CurrentFocus),9005)</visible>
                            <include>Defs_Settings_Button</include>
                            <label>$LOCALIZE[31307]</label>
                            <selected>Skin.HasSetting(PlotOutline)</selected>
                            <onclick>Skin.ToggleSetting(PlotOutline)</onclick>
                        </control>

                        <control type="radiobutton" id="9505" description="Disable watched indicators">
                            <visible>Integer.IsEqual(Window.Property(CurrentFocus),9005)</visible>
                            <include>Defs_Settings_Button</include>
                            <label>$LOCALIZE[31317]</label>
                            <selected>!Skin.HasSetting(DisableWatchedOverlay)</selected>
                            <onclick>Skin.ToggleSetting(DisableWatchedOverlay)</onclick>
                        </control>

                        <control type="button" id="9506" description="Watched Indicators">
                            <visible>Integer.IsEqual(Window.Property(CurrentFocus),9005)</visible>
                            <include>Defs_Settings_Button</include>
                            <label>$LOCALIZE[31319]</label>
                            <label2>$VAR[Label_WatchedIndicatorStyle]</label2>
                            <onclick>Skin.ToggleSetting(LightWatchedOverlay)</onclick>
                        </control>

                        <control type="radiobutton" id="9507" description="Plot overlay">
                            <visible>Integer.IsEqual(Window.Property(CurrentFocus),9005)</visible>
                            <include>Defs_Settings_Button</include>
                            <label>$LOCALIZE[31379]</label>
                            <selected>Skin.HasSetting(AutoPlotOverlay)</selected>
                            <onclick>Skin.ToggleSetting(AutoPlotOverlay)</onclick>
                        </control>

                        <control type="button" id="9508" description="Enable viewmodes">
                            <visible>Integer.IsEqual(Window.Property(CurrentFocus),9005)</visible>
                            <include>Defs_Settings_Button</include>
                            <label>$LOCALIZE[31039]</label>
                            <onclick>ActivateWindow(1117)</onclick>
                        </control>

                        <control type="button" id="9509" description="Enable ratings">
                            <visible>Integer.IsEqual(Window.Property(CurrentFocus),9005)</visible>
                            <include>Defs_Settings_Button</include>
                            <label>$LOCALIZE[31312]</label>
                            <onclick>ActivateWindow(1118)</onclick>
                        </control>

                        <control type="button" id="9510" description="Enable video info lists">
                            <visible>Integer.IsEqual(Window.Property(CurrentFocus),9005)</visible>
                            <include>Defs_Settings_Button</include>
                            <label>$LOCALIZE[31407]</label>
                            <onclick>ActivateWindow(1119)</onclick>
                        </control>

                        <control type="radiobutton" id="9511" description="Show media flags instead of ratings in library views">
                            <visible>Integer.IsEqual(Window.Property(CurrentFocus),9005)</visible>
                            <include>Defs_Settings_Button</include>
                            <label>$LOCALIZE[31393]</label>
                            <onclick>Skin.ToggleSetting(DisableInfoRatings)</onclick>
                            <selected>Skin.HasSetting(DisableInfoRatings)</selected>
                        </control>

                        <control type="radiobutton" id="9512" description="Monochrome Flags">
                            <visible>Integer.IsEqual(Window.Property(CurrentFocus),9005)</visible>
                            <include>Defs_Settings_Button</include>
                            <label>$LOCALIZE[31394]</label>
                            <onclick>Skin.ToggleSetting(MonochromeFlags)</onclick>
                            <selected>Skin.HasSetting(MonochromeFlags)</selected>
                        </control>
                        

                        <!-- ============= -->
                        <!-- Miscellaneous -->
                        <!-- ============= -->
                        <control type="radiobutton" id="9605" description="Kiosk Mode">
                            <visible>Integer.IsEqual(Window.Property(CurrentFocus),9006)</visible>
                            <include>Defs_Settings_Button</include>
                            <label>31199</label>
                            <selected>Skin.HasSetting(global.kioskmode)</selected>
                            <onclick>Skin.ToggleSetting(global.kioskmode)</onclick>
                        </control>

                        <control type="button" id="9606" description="Customise Shutdown Menu">
                            <visible>Integer.IsEqual(Window.Property(CurrentFocus),9006)</visible>
                            <include>Defs_Settings_Button</include>
                            <label>$LOCALIZE[31027]</label>
                            <onclick>RunScript(script.skinshortcuts,type=manage&amp;group=powermenu)</onclick>
                        </control>

                        <control type="radiobutton" id="9607" description="Minimal Busy Loader">
                            <visible>Integer.IsEqual(Window.Property(CurrentFocus),9006)</visible>
                            <include>Defs_Settings_Button</include>
                            <label>$LOCALIZE[31015]</label>
                            <selected>Skin.HasSetting(MinimalBusyLoader)</selected>
                            <onclick>Skin.ToggleSetting(MinimalBusyLoader)</onclick>
                        </control>

                        <control type="radiobutton" id="9608" description="Use genre colors">
                            <visible>Integer.IsEqual(Window.Property(CurrentFocus),9006)</visible>
                            <include>Defs_Settings_Button</include>
                            <label>$LOCALIZE[31056]</label>
                            <selected>!Skin.HasSetting(PVRGuideGenreColors)</selected>
                            <onclick>Skin.ToggleSetting(PVRGuideGenreColors)</onclick>
                        </control>

                        <control type="radiobutton" id="9609" description="Show genre in EPG">
                            <visible>Integer.IsEqual(Window.Property(CurrentFocus),9006)</visible>
                            <include>Defs_Settings_Button</include>
                            <label>$LOCALIZE[31378]</label>
                            <selected>!Skin.HasSetting(PVRGuideGenreName)</selected>
                            <onclick>Skin.ToggleSetting(PVRGuideGenreName)</onclick>
                        </control>

                        <control type="radiobutton" id="9611" description="Enable bounce animations">
                            <visible>Integer.IsEqual(Window.Property(CurrentFocus),9006)</visible>
                            <include>Defs_Settings_Button</include>
                            <label>$LOCALIZE[31192]</label>
                            <selected>!Skin.HasSetting(BounceAnimations)</selected>
                            <onclick>Skin.ToggleSetting(BounceAnimations)</onclick>
                        </control>
                        
                        <control type="radiobutton" id="9612" description="Alphabet Strip">
                            <visible>Integer.IsEqual(Window.Property(CurrentFocus),9006)</visible>
                            <include>Defs_Settings_Button</include>
                            <label>$LOCALIZE[31026]</label>
                            <selected>Skin.HasSetting(AlphabetStrip)</selected>
                            <onclick>Skin.ToggleSetting(AlphabetStrip)</onclick>
                            <enable>System.HasAddon(script.skin.helper.service)</enable>
                        </control>
                        
                        <control type="button" id="9613" description="Startup Video">
                            <visible>Integer.IsEqual(Window.Property(CurrentFocus),9006)</visible>
                            <include>Defs_Settings_Button</include>
                            <label>31168</label>
                            <label2>$INFO[Skin.String(StartupPlaylist)]</label2>
                            <onclick condition="String.IsEmpty(Skin.String(StartupPlaylist))">Skin.SetFile(StartupPlaylist,.mp4|.avi|.mkv|.xvid|.wmv|.mov|.xsp|.mp3|.wma|.flac|.m3u)</onclick>
                            <onclick condition="!String.IsEmpty(Skin.String(StartupPlaylist))">Skin.Reset(StartupPlaylist)</onclick>
                        </control>

                        <control type="button" id="9614" description="Startup Splash">
                            <visible>Integer.IsEqual(Window.Property(CurrentFocus),9006)</visible>
                            <include>Defs_Settings_Button</include>
                            <label>$LOCALIZE[31387]</label>
                            <label2>$INFO[Skin.String(StartupSplash)]</label2>
                            <onclick condition="String.IsEmpty(Skin.String(StartupSplash))">Skin.SetImage(StartupSplash)</onclick>
                            <onclick condition="!String.IsEmpty(Skin.String(StartupSplash))">Skin.Reset(StartupSplash)</onclick>
                        </control>

                        <control type="radiobutton" id="9615" description="Press up from menu to show fanart / plot">
                            <visible>Integer.IsEqual(Window.Property(CurrentFocus),9006)</visible>
                            <include>Defs_Settings_Button</include>
                            <label>$LOCALIZE[31390]</label>
                            <selected>Skin.HasSetting(EnablePressingUp)</selected>
                            <onclick>Skin.ToggleSetting(EnablePressingUp)</onclick>
                        </control>

                        <control type="radiobutton" id="9616" description="Force extended info">
                            <visible>Integer.IsEqual(Window.Property(CurrentFocus),9006)</visible>
                            <include>Defs_Settings_Button</include>
                            <label>$LOCALIZE[31398]</label>
                            <selected>Skin.HasSetting(ForceExtendedInfo)</selected>
                            <onclick>Skin.ToggleSetting(ForceExtendedInfo)</onclick>
                        </control>

                        <control type="radiobutton" id="9617" description="Fullscreen trailer">
                            <visible>Integer.IsEqual(Window.Property(CurrentFocus),9006)</visible>
                            <include>Defs_Settings_Button</include>
                            <label>$LOCALIZE[31410]</label>
                            <selected>!Skin.HasSetting(DisableTrailerPreview)</selected>
                            <onclick>Skin.ToggleSetting(DisableTrailerPreview)</onclick>
                        </control>

                        <!-- ================= -->
                        <!-- Video / Music OSD -->
                        <!-- ================= -->
                        <control type="label" id="9701" description="LABEL VIDEO OSD">
                            <visible>Integer.IsEqual(Window.Property(CurrentFocus),9007)</visible>
                            <font>font_button</font>
                            <textcolor>main_fg_30</textcolor>
                            <include>Defs_Settings_Button</include>
                            <label>$LOCALIZE[31346]</label>
                        </control>
                        <control type="radiobutton" id="9702" description="Show detailed info on pause">
                            <visible>Integer.IsEqual(Window.Property(CurrentFocus),9007)</visible>
                            <include>Defs_Settings_Button</include>
                            <label>$LOCALIZE[31145]</label>
                            <selected>Skin.HasSetting(ShowInfoPaused)</selected>
                            <onclick>Skin.ToggleSetting(ShowInfoPaused)</onclick>
                            <onclick>Skin.Reset(DisableOSDInfo)</onclick>
                        </control>
                        <control type="radiobutton" id="9703" description="Only show seekbar on pressing info">
                            <visible>Integer.IsEqual(Window.Property(CurrentFocus),9007)</visible>
                            <include>Defs_Settings_Button</include>
                            <label>$LOCALIZE[31201]</label>
                            <selected>Skin.HasSetting(DisableOSDInfo)</selected>
                            <onclick>Skin.ToggleSetting(DisableOSDInfo)</onclick>
                            <onclick>Skin.Reset(ShowInfoPaused)</onclick>
                        </control>
                        <control type="radiobutton" id="9704" description="Show clearart">
                            <visible>Integer.IsEqual(Window.Property(CurrentFocus),9007)</visible>
                            <include>Defs_Settings_Button</include>
                            <label>$LOCALIZE[31258]</label>
                            <selected>Skin.HasSetting(ShowOSDClearArt)</selected>
                            <onclick>Skin.ToggleSetting(ShowOSDClearArt)</onclick>
                        </control>

                        <control type="radiobutton" id="9705" description="Media Flags">
                            <visible>Integer.IsEqual(Window.Property(CurrentFocus),9007)</visible>
                            <include>Defs_Settings_Button</include>
                            <label>$LOCALIZE[31130]</label>
                            <selected>!Skin.HasSetting(HideOSDVideoCodec)</selected>
                            <onclick>Skin.ToggleSetting(HideOSDVideoCodec)</onclick>
                        </control>
                        
                        <control type="radiobutton" id="9706" description="Dont pause on information">
                            <visible>Integer.IsEqual(Window.Property(CurrentFocus),9007)</visible>
                            <include>Defs_Settings_Button</include>
                            <label>$LOCALIZE[31079]</label>
                            <selected>!Skin.HasSetting(DontPauseOSD)</selected>
                            <onclick>Skin.ToggleSetting(DontPauseOSD)</onclick>
                        </control>

                        <control type="radiobutton" id="9707" description="Subs button opens subtitle settings">
                            <visible>Integer.IsEqual(Window.Property(CurrentFocus),9007)</visible>
                            <include>Defs_Settings_Button</include>
                            <label>$LOCALIZE[31409]</label>
                            <selected>Skin.HasSetting(OSDSubtitleSettings)</selected>
                            <onclick>Skin.ToggleSetting(OSDSubtitleSettings)</onclick>
                        </control>

                        <control type="button" id="9708" description="Close OSD Auto">
                            <visible>Integer.IsEqual(Window.Property(CurrentFocus),9007)</visible>
                            <include>Defs_Settings_Button</include>
                            <label>$LOCALIZE[31386]</label>
                            <label2>$INFO[Skin.String(SkinHelper.AutoCloseVideoOSD)]</label2>
                            <onclick condition="!String.IsEmpty(SkinHelper.AutoCloseVideoOSD)">Skin.Reset(SkinHelper.AutoCloseVideoOSD)</onclick>
                            <onclick condition="String.IsEmpty(SkinHelper.AutoCloseVideoOSD)">Skin.SetNumeric(SkinHelper.AutoCloseVideoOSD)</onclick>
                        </control>

                        <control type="label" id="9710" description="LABEL MUSIC OSD">
                            <visible>Integer.IsEqual(Window.Property(CurrentFocus),9007)</visible>
                            <font>font_button</font>
                            <textcolor>main_fg_30</textcolor>
                            <include>Defs_Settings_Button</include>
                            <label>$LOCALIZE[31347]</label>
                        </control>
                        <control type="radiobutton" id="9711" description="Show Fanart">
                            <visible>Integer.IsEqual(Window.Property(CurrentFocus),9007)</visible>
                            <include>Defs_Settings_Button</include>
                            <label>31121</label>
                            <selected>Skin.HasSetting(musicvis.fanartfallback)</selected>
                            <enable>Skin.HasSetting(ArtistSlideShow.Disabled)</enable>
                            <onclick>Skin.ToggleSetting(musicvis.fanartfallback)</onclick>
                        </control>
                        <control type="radiobutton" id="9712" description="Show slideshow in background">
                            <visible>Integer.IsEqual(Window.Property(CurrentFocus),9007)</visible>
                            <include>Defs_Settings_Button</include>
                            <label>31118</label>
                            <selected>!Skin.HasSetting(ArtistSlideShow.Disabled)</selected>
                            <onclick>Skin.ToggleSetting(ArtistSlideShow.Disabled)</onclick>
                        </control>
                        <control type="radiobutton" id="9713" description="Show slideshow in background">
                            <visible>Integer.IsEqual(Window.Property(CurrentFocus),9007)</visible>
                            <include>Defs_Settings_Button</include>
                            <label>31119</label>
                            <selected>Skin.HasSetting(OSDVisualisation.ShowFanart)</selected>
                            <onclick>Skin.ToggleSetting(OSDVisualisation.ShowFanart)</onclick>
                            <enable>Skin.HasSetting(musicvis.fanartfallback) | [!Skin.HasSetting(ArtistSlideShow.Disabled) + System.HasAddon(script.artistslideshow)]</enable>
                        </control>
                        <control type="radiobutton" id="9714" description="Colour overlay">
                            <visible>Integer.IsEqual(Window.Property(CurrentFocus),9007)</visible>
                            <include>Defs_Settings_Button</include>
                            <label>$LOCALIZE[31087]</label>
                            <selected>!Skin.HasSetting(HideOSDDiffuseColors)</selected>
                            <onclick>Skin.ToggleSetting(HideOSDDiffuseColors)</onclick>
                        </control>
                        <control type="radiobutton" id="9715" description="Scrolling Text">
                            <visible>Integer.IsEqual(Window.Property(CurrentFocus),9007)</visible>
                            <include>Defs_Settings_Button</include>
                            <label>$LOCALIZE[31088]</label>
                            <selected>!Skin.HasSetting(HideOSDScrollingText)</selected>
                            <onclick>Skin.ToggleSetting(HideOSDScrollingText)</onclick>
                        </control>
                        <control type="radiobutton" id="9716" description="Video Lyrics">
                            <visible>Integer.IsEqual(Window.Property(CurrentFocus),9007)</visible>
                            <include>Defs_Settings_Button</include>
                            <label>$LOCALIZE[31377]</label>
                            <selected>!Skin.HasSetting(NormalLyrics)</selected>
                            <onclick>Skin.ToggleSetting(NormalLyrics)</onclick>
                        </control>
                        <control type="radiobutton" id="9717" description="Animate Artist slideshow">
                            <visible>Integer.IsEqual(Window.Property(CurrentFocus),9007)</visible>
                            <include>Defs_Settings_Button</include>
                            <label>31120</label>
                            <selected>Skin.HasSetting(ArtistSlideshow.Animate)</selected>
                            <onclick>Skin.ToggleSetting(ArtistSlideshow.Animate)</onclick>
                            <enable>Skin.HasSetting(musicvis.fanartfallback) | !Skin.HasSetting(ArtistSlideShow.Disabled)</enable>
                        </control>
                        
                        <control type="radiobutton" id="9718" description="Musicvideo auto info">
                            <visible>Integer.IsEqual(Window.Property(CurrentFocus),9007)</visible>
                            <include>Defs_Settings_Button</include>
                            <label>$LOCALIZE[31314]</label>
                            <selected>!Skin.HasSetting(DisableMusicVideoAutoInfo)</selected>
                            <onclick>Skin.ToggleSetting(DisableMusicVideoAutoInfo)</onclick>
                            <visible>!Skin.HasSetting(BigMusicVis)</visible>
                        </control>
                        <control type="radiobutton" id="9719" description="AutoMusicVis">
                            <visible>Integer.IsEqual(Window.Property(CurrentFocus),9007)</visible>
                            <include>Defs_Settings_Button</include>
                            <label>$LOCALIZE[31158]</label>
                            <selected>Skin.HasSetting(AutoMusicVis)</selected>
                            <onclick>Skin.ToggleSetting(AutoMusicVis)</onclick>
                        </control>
                        <control type="button" id="9720" description="Close OSD Auto">
                            <visible>Integer.IsEqual(Window.Property(CurrentFocus),9007)</visible>
                            <include>Defs_Settings_Button</include>
                            <label>$LOCALIZE[31386]</label>
                            <label2>$INFO[Skin.String(SkinHelper.AutoCloseMusicOSD)]</label2>
                            <onclick condition="!String.IsEmpty(SkinHelper.AutoCloseMusicOSD)">Skin.Reset(SkinHelper.AutoCloseMusicOSD)</onclick>
                            <onclick condition="String.IsEmpty(SkinHelper.AutoCloseMusicOSD)">Skin.SetNumeric(SkinHelper.AutoCloseMusicOSD)</onclick>
                        </control>


                        <!-- ============ -->
                        <!-- Dependencies -->
                        <!-- ============ -->
                        <control type="radiobutton" id="9823">
                            <visible>Integer.IsEqual(Window.Property(CurrentFocus),9008)</visible>
                            <label>WRP-Metaplayer</label>
                            <label2>$INFO[System.AddonVersion(plugin.video.wrp-metaplayer)]        </label2>
                            <onclick>Addon.OpenSettings(plugin.video.wrp-metaplayer)</onclick>
                            <onclick condition="!System.HasAddon(plugin.video.wrp-metaplayer)">InstallAddon(plugin.video.wrp-metaplayer)</onclick>
                            <selected>System.HasAddon(plugin.video.wrp-metaplayer)</selected>
                            <include>Defs_Settings_Button</include>
                        </control>
                        <control type="radiobutton" id="9809">
                            <visible>Integer.IsEqual(Window.Property(CurrentFocus),9008)</visible>
                            <label>WRPinfo</label>
                            <label2>$INFO[System.AddonVersion(script.wrpinfo)]        </label2>
                            <onclick>Addon.OpenSettings(script.wrpinfo)</onclick>
                            <onclick condition="!System.HasAddon(script.wrpinfo)">InstallAddon(script.wrpinfo)</onclick>
                            <selected>System.HasAddon(script.wrpinfo)</selected>
                            <include>Defs_Settings_Button</include>
                        </control>
                        <control type="radiobutton" id="9809">
                            <visible>Integer.IsEqual(Window.Property(CurrentFocus),9008)</visible>
                            <label>URL Resolver</label>
                            <label2>$INFO[System.AddonVersion(script.module.urlresolver)]        </label2>
                            <onclick>Addon.OpenSettings(script.module.urlresolver)</onclick>
                            <onclick condition="!System.HasAddon(script.module.urlresolver)">InstallAddon(script.module.urlresolver)</onclick>
                            <selected>System.HasAddon(script.module.urlresolver)</selected>
                            <include>Defs_Settings_Button</include>
                        </control>
                        <control type="radiobutton" id="9802">
                            <visible>Integer.IsEqual(Window.Property(CurrentFocus),9008)</visible>
                            <label>script.skin.helper.widgets</label>
                            <label2>$INFO[System.AddonVersion(script.skin.helper.widgets)]        </label2>
                            <onclick>Addon.OpenSettings(script.skin.helper.widgets)</onclick>
                            <onclick condition="!System.HasAddon(script.skin.helper.widgets)">InstallAddon(script.skin.helper.widgets)</onclick>
                            <selected>System.HasAddon(script.skin.helper.widgets)</selected>
                            <include>Defs_Settings_Button</include>
                        </control>
                        <control type="radiobutton" id="9803">
                            <visible>Integer.IsEqual(Window.Property(CurrentFocus),9008)</visible>
                            <label>script.skin.helper.colorpicker</label>
                            <label2>$INFO[System.AddonVersion(script.skin.helper.colorpicker)]        </label2>
                            <onclick>Addon.OpenSettings(script.skin.helper.colorpicker)</onclick>
                            <onclick condition="!System.HasAddon(script.skin.helper.colorpicker)">InstallAddon(script.skin.helper.colorpicker)</onclick>
                            <selected>System.HasAddon(script.skin.helper.colorpicker)</selected>
                            <include>Defs_Settings_Button</include>
                        </control>
                        <control type="radiobutton" id="9804">
                            <visible>Integer.IsEqual(Window.Property(CurrentFocus),9008)</visible>
                            <label>script.skin.helper.skinbackup</label>
                            <label2>$INFO[System.AddonVersion(script.skin.helper.skinbackup)]        </label2>
                            <onclick>Addon.OpenSettings(script.skin.helper.skinbackup)</onclick>
                            <onclick condition="!System.HasAddon(script.skin.helper.skinbackup)">InstallAddon(script.skin.helper.skinbackup)</onclick>
                            <selected>System.HasAddon(script.skin.helper.skinbackup)</selected>
                            <include>Defs_Settings_Button</include>
                        </control>
                        <control type="radiobutton" id="9805">
                            <visible>Integer.IsEqual(Window.Property(CurrentFocus),9008)</visible>
                            <label>script.module.metadatautils</label>
                            <label2>$INFO[System.AddonVersion(script.module.metadatautils)]        </label2>
                            <onclick>Addon.OpenSettings(script.module.metadatautils)</onclick>
                            <onclick condition="!System.HasAddon(script.module.metadatautils)">InstallAddon(script.module.metadatautils)</onclick>
                            <selected>System.HasAddon(script.module.metadatautils)</selected>
                            <include>Defs_Settings_Button</include>
                        </control>
                        <control type="radiobutton" id="9806">
                            <visible>Integer.IsEqual(Window.Property(CurrentFocus),9008)</visible>
                            <label>plugin.video.specialfeatures</label>
                            <label2>$INFO[System.AddonVersion(plugin.video.specialfeatures)]        </label2>
                            <onclick>Addon.OpenSettings(plugin.video.specialfeatures)</onclick>
                            <onclick condition="!System.HasAddon(plugin.video.specialfeatures)">InstallAddon(plugin.video.specialfeatures)</onclick>
                            <selected>System.HasAddon(plugin.video.specialfeatures)</selected>
                            <include>Defs_Settings_Button</include>
                        </control>
                        <control type="radiobutton" id="9807">
                            <visible>Integer.IsEqual(Window.Property(CurrentFocus),9008)</visible>
                            <label>script.toolbox</label>
                            <label2>$INFO[System.AddonVersion(script.toolbox)]        </label2>
                            <onclick>Addon.OpenSettings(script.toolbox)</onclick>
                            <onclick condition="!System.HasAddon(script.toolbox)">InstallAddon(script.toolbox)</onclick>
                            <selected>System.HasAddon(script.toolbox)</selected>
                            <include>Defs_Settings_Button</include>
                        </control>
                        <control type="radiobutton" id="9808">
                            <visible>Integer.IsEqual(Window.Property(CurrentFocus),9008)</visible>
                            <label>script.colorbox</label>
                            <label2>$INFO[System.AddonVersion(script.colorbox)]        </label2>
                            <onclick>Addon.OpenSettings(script.colorbox)</onclick>
                            <onclick condition="!System.HasAddon(script.colorbox)">InstallAddon(script.colorbox)</onclick>
                            <selected>System.HasAddon(script.colorbox)</selected>
                            <include>Defs_Settings_Button</include>
                        </control>
                        <control type="radiobutton" id="9810">
                            <visible>Integer.IsEqual(Window.Property(CurrentFocus),9008)</visible>
                            <label>script.skinshortcuts</label>
                            <label2>$INFO[System.AddonVersion(script.skinshortcuts)]        </label2>
                            <onclick>Addon.OpenSettings(script.skinshortcuts)</onclick>
                            <onclick condition="!System.HasAddon(script.skinshortcuts)">InstallAddon(script.skinshortcuts)</onclick>
                            <selected>System.HasAddon(script.skinshortcuts)</selected>
                            <include>Defs_Settings_Button</include>
                        </control>
                        <control type="radiobutton" id="9811">
                            <visible>Integer.IsEqual(Window.Property(CurrentFocus),9008)</visible>
                            <label>script.cu.lrclyrics</label>
                            <label2>$INFO[System.AddonVersion(script.cu.lrclyrics)]        </label2>
                            <onclick>Addon.OpenSettings(script.cu.lrclyrics)</onclick>
                            <onclick condition="!System.HasAddon(script.cu.lrclyrics)">InstallAddon(script.cu.lrclyrics)</onclick>
                            <selected>System.HasAddon(script.cu.lrclyrics)</selected>
                            <include>Defs_Settings_Button</include>
                        </control>
                        <control type="radiobutton" id="9812">
                            <visible>Integer.IsEqual(Window.Property(CurrentFocus),9008)</visible>
                            <label>script.artistslideshow</label>
                            <label2>$INFO[System.AddonVersion(script.artistslideshow)]        </label2>
                            <onclick>Addon.OpenSettings(script.artistslideshow)</onclick>
                            <onclick condition="!System.HasAddon(script.artistslideshow)">InstallAddon(script.artistslideshow)</onclick>
                            <selected>System.HasAddon(script.artistslideshow)</selected>
                            <include>Defs_Settings_Button</include>
                        </control>
                        <control type="radiobutton" id="9813">
                            <visible>Integer.IsEqual(Window.Property(CurrentFocus),9008)</visible>
                            <label>script.globalsearch</label>
                            <label2>$INFO[System.AddonVersion(script.globalsearch)]        </label2>
                            <onclick>Addon.OpenSettings(script.globalsearch)</onclick>
                            <onclick condition="!System.HasAddon(script.globalsearch)">InstallAddon(script.globalsearch)</onclick>
                            <selected>System.HasAddon(script.globalsearch)</selected>
                            <include>Defs_Settings_Button</include>
                        </control>
                        <control type="radiobutton" id="9814">
                            <visible>Integer.IsEqual(Window.Property(CurrentFocus),9008)</visible>
                            <label>script.tv.show.next.aired</label>
                            <label2>$INFO[System.AddonVersion(script.tv.show.next.aired)]        </label2>
                            <onclick>Addon.OpenSettings(script.tv.show.next.aired)</onclick>
                            <onclick condition="!System.HasAddon(script.tv.show.next.aired)">InstallAddon(script.tv.show.next.aired)</onclick>
                            <selected>System.HasAddon(script.tv.show.next.aired)</selected>
                            <include>Defs_Settings_Button</include>
                        </control>
                        <control type="radiobutton" id="9815">
                            <visible>Integer.IsEqual(Window.Property(CurrentFocus),9008)</visible>
                            <label>plugin.program.autocompletion</label>
                            <label2>$INFO[System.AddonVersion(plugin.program.autocompletion)]        </label2>
                            <onclick>Addon.OpenSettings(plugin.program.autocompletion)</onclick>
                            <onclick condition="!System.HasAddon(plugin.program.autocompletion)">InstallAddon(plugin.program.autocompletion)</onclick>
                            <selected>System.HasAddon(plugin.program.autocompletion)</selected>
                            <include>Defs_Settings_Button</include>
                        </control>
                        <control type="radiobutton" id="9816">
                            <visible>Integer.IsEqual(Window.Property(CurrentFocus),9008)</visible>
                            <label>resource.images.studios.white</label>
                            <label2>$INFO[System.AddonVersion(resource.images.studios.white)]        </label2>
                            <onclick>Addon.OpenSettings(resource.images.studios.white)</onclick>
                            <onclick condition="!System.HasAddon(resource.images.studios.white)">InstallAddon(resource.images.studios.white)</onclick>
                            <selected>System.HasAddon(resource.images.studios.white)</selected>
                            <include>Defs_Settings_Button</include>
                        </control>
                        <control type="radiobutton" id="9817">
                            <visible>Integer.IsEqual(Window.Property(CurrentFocus),9008)</visible>
                            <label>resource.images.moviecountryicons.maps</label>
                            <label2>$INFO[System.AddonVersion(resource.images.moviecountryicons.maps)]        </label2>
                            <onclick>Addon.OpenSettings(resource.images.moviecountryicons.maps)</onclick>
                            <onclick condition="!System.HasAddon(resource.images.moviecountryicons.maps)">InstallAddon(resource.images.moviecountryicons.maps)</onclick>
                            <selected>System.HasAddon(resource.images.moviecountryicons.maps)</selected>
                            <include>Defs_Settings_Button</include>
                        </control>
                        <control type="radiobutton" id="9818">
                            <visible>Integer.IsEqual(Window.Property(CurrentFocus),9008)</visible>
                            <label>resource.images.moviegenreicons.transparent</label>
                            <label2>$INFO[System.AddonVersion(resource.images.moviegenreicons.transparent)]        </label2>
                            <onclick>Addon.OpenSettings(resource.images.moviegenreicons.transparent)</onclick>
                            <onclick condition="!System.HasAddon(resource.images.moviegenreicons.transparent)">InstallAddon(resource.images.moviegenreicons.transparent)</onclick>
                            <selected>System.HasAddon(resource.images.moviegenreicons.transparent)</selected>
                            <include>Defs_Settings_Button</include>
                        </control>
                        <control type="radiobutton" id="9819">
                            <visible>Integer.IsEqual(Window.Property(CurrentFocus),9008)</visible>
                            <label>resource.images.weatherfanart.multi</label>
                            <label2>$INFO[System.AddonVersion(resource.images.weatherfanart.multi)]        </label2>
                            <onclick>Addon.OpenSettings(resource.images.weatherfanart.multi)</onclick>
                            <onclick condition="!System.HasAddon(resource.images.weatherfanart.multi)">InstallAddon(resource.images.weatherfanart.multi)</onclick>
                            <selected>System.HasAddon(resource.images.weatherfanart.multi)</selected>
                            <include>Defs_Settings_Button</include>
                        </control>
                        <control type="radiobutton" id="9820">
                            <visible>Integer.IsEqual(Window.Property(CurrentFocus),9008)</visible>
                            <label>resource.images.weathericons.white</label>
                            <label2>$INFO[System.AddonVersion(resource.images.weathericons.white)]        </label2>
                            <onclick>Addon.OpenSettings(resource.images.weathericons.white)</onclick>
                            <onclick condition="!System.HasAddon(resource.images.weathericons.white)">InstallAddon(resource.images.weathericons.white)</onclick>
                            <selected>System.HasAddon(resource.images.weathericons.white)</selected>
                            <include>Defs_Settings_Button</include>
                        </control>
                        <control type="radiobutton" id="9821">
                            <visible>Integer.IsEqual(Window.Property(CurrentFocus),9008)</visible>
                            <label>script.artwork.beef</label>
                            <label2>$INFO[System.AddonVersion(script.artwork.beef)]        </label2>
                            <onclick>Addon.OpenSettings(script.artwork.beef)</onclick>
                            <onclick condition="!System.HasAddon(script.artwork.beef)">InstallAddon(script.artwork.beef)</onclick>
                            <selected>System.HasAddon(script.artwork.beef)</selected>
                            <include>Defs_Settings_Button</include>
                        </control>
                        <control type="radiobutton" id="9822">
                            <visible>Integer.IsEqual(Window.Property(CurrentFocus),9008)</visible>
                            <label>script.artwork.helper</label>
                            <label2>$INFO[System.AddonVersion(script.artwork.helper)]        </label2>
                            <onclick>Addon.OpenSettings(script.artwork.helper)</onclick>
                            <onclick condition="!System.HasAddon(script.artwork.helper)">InstallAddon(script.artwork.helper)</onclick>
                            <selected>System.HasAddon(script.artwork.helper)</selected>
                            <include>Defs_Settings_Button</include>
                        </control>

                        <!-- ================ -->
                        <!-- Backup / Restore -->
                        <!-- ================ -->
                        <control type="button" id="9901" description="Backup">
                            <visible>Integer.IsEqual(Window.Property(CurrentFocus),9009)</visible>
                            <include>Defs_Settings_Button</include>
                            <label>$LOCALIZE[31031]</label>
                            <onclick>RunScript(script.skin.helper.skinbackup,action=backup)</onclick>
                        </control>
                        <control type="button" id="9902" description="Restore">
                            <visible>Integer.IsEqual(Window.Property(CurrentFocus),9009)</visible>
                            <include>Defs_Settings_Button</include>
                            <label>$LOCALIZE[31032]</label>
                            <onclick>RunScript(script.skin.helper.skinbackup,action=restore)</onclick>
                        </control>
                        <control type="button" id="9903" description="Backup Restore Settings">
                            <visible>Integer.IsEqual(Window.Property(CurrentFocus),9009)</visible>
                            <include>Defs_Settings_Button</include>
                            <label>$LOCALIZE[31034]</label>
                            <onclick>Addon.OpenSettings(script.skin.helper.skinbackup)</onclick>
                            <onclick condition="!System.HasAddon(script.skin.helper.skinbackup)">InstallAddon(script.skin.helper.skinbackup)</onclick>
                            
                        </control>
                        <control type="button" id="9904" description="Reset">
                            <visible>Integer.IsEqual(Window.Property(CurrentFocus),9009)</visible>
                            <include>Defs_Settings_Button</include>
                            <label>$LOCALIZE[31028]</label>
                            <onclick>Skin.ResetSettings</onclick>
                            <onclick>RunScript(script.skinshortcuts,type=resetall)</onclick>
                        </control>
                    </control>

                    <!-- Lines -->
                    <include>Defs_Settings_Line</include>

                    <!-- Arrows -->
                    <include content="Defs_Settings_Arrows">
                        <param name="id" value="9999" />
                    </include>
                </control>
                <!-- Info -->
                <control type="grouplist">
                    <left>view_pad</left>
                    <right>view_pad</right>
                    <top>806</top>
                    <bottom>0</bottom>
                    <orientation>vertical</orientation>
                    <itemgap>0</itemgap>
                    <control type="label">
                        <height>50</height>
                        <label>$LOCALIZE[19033]</label>
                        <font>font_button</font>
                        <textcolor>main_fg_30</textcolor>
                    </control>
                    <control type="textbox">
                        <height>64</height>
                        <label>19055</label>
                        <font>font_tiny</font>
                        <textcolor>main_fg_70</textcolor>
                    </control>
                </control>
            </control>
        </control>

        <include>Topbar</include>
    </controls>
</window>
