<?xml version="1.0" encoding="UTF-8" standalone="yes"?>
<addon id="script.wrpinfo" name="WRPInfo" version="1.0.6~nightly1" provider-name="DWH">
	<requires>
		<import addon="xbmc.python" version="2.25.0"/>
		<import addon="script.module.pil" version="1.1.7"/>
		<import addon="plugin.video.youtube" version="6.2.2"/>
		<import addon="script.module.requests" version="2.9.1"/>
		<import addon="script.skin.helper.service" version="1.0.0"/>
		<import addon="resource.images.studios.white" version="0.0.18"/>
		<import addon="plugin.video.wrp-metaplayer" version="1.0.7"/>
        <import addon="script.artwork.beef" version="0.28.1~adev"/>
	</requires>
	<extension point="xbmc.python.script" library="script.py"/>
	<extension point="xbmc.python.pluginsource" library="plugin.py">
		<provides>video</provides>
	</extension>
	<extension point="kodi.context.item">
		<menu id="kodi.core.main">
			<item library="context.py">
				<label>In WRPInfo öffnen</label>
				<visible>String.IsEqual(ListItem.dbtype,movie) | String.IsEqual(ListItem.dbtype,tvshow) | String.IsEqual(ListItem.dbtype,season) | String.IsEqual(ListItem.dbtype,episode) | String.IsEqual(ListItem.dbtype,actor) | String.IsEqual(ListItem.dbtype,director) | String.IsEqual(ListItem.AddonName,plugin.video.xstream)</visible>
			</item>
		</menu>
	</extension>
	<extension point="xbmc.addon.metadata">
		<reuselanguageinvoker>false</reuselanguageinvoker>
		<platform>all</platform>
		<summary>TMDb Addon zum Anzeigen von Film und TV Serien Informationen</summary>
		<description>Dieses Skript bietet verschiedene Möglichkeiten zum Anzeigen von Online-Inhalten in Kodi, sowie einen vollständigen MovieDB-Browser mit Info-Dialogen für verschiedene Medientypen. Das Skript benötigt eine Skin-Implementierung für viele Funktionen und den WRP-MetaPlayer für Bibliotheksfunktionen.</description>
		<assets>
			<icon>resources/icon.png</icon>
			<fanart>resources/fanart.jpg</fanart>
			<screenshot>resources/art/screenshot1.jpg</screenshot>
			<screenshot>resources/art/screenshot2.jpg</screenshot>
			<screenshot>resources/art/screenshot3.jpg</screenshot>
		</assets>
		<news>
 
[B]Version 1.0.6~nightly1[/B]

 - New Addon Icon
 - Log info fixed
 
[I]Read changelog for more informations![/I]
		</news>
	</extension>
</addon>