<?xml version="1.0" encoding="UTF-8" standalone="yes"?>
<addon id="repository.wrp-metaplayer" name="WRP-MetaPlayer Repository" version="1.0.2" provider-name="DWH">
	<extension point="xbmc.addon.repository" name="WRP-MetaPlayer Repository">
		<info compressed="false">https://raw.github.com/DWH-WFC/repository.wrp-metaplayer/master/addons.xml</info>
		<checksum>https://raw.github.com/DWH-WFC/repository.wrp-metaplayer/master/addons.xml.md5</checksum>
		<datadir zip="true">https://raw.github.com/DWH-WFC/repository.wrp-metaplayer/master/zips/</datadir>
	</extension>
        <extension point="xbmc.addon.metadata">
        <summary lang="de">WRP-MetaPlayer Repository</summary>
        <description lang="de">WRP-MetaPlayer Repository</description>
        <summary lang="en">WRP-MetaPlayer Repository</summary>
        <description lang="en">WRP-MetaPlayer Repository</description>
        <platform>all</platform>
        <forum>https://gitter.im/DWH-WFC-Chat/community</forum>
        <assets>
            <icon>icon.png</icon>
            <fanart>fanart.jpg</fanart>
            <banner></banner>
            <clearlogo></clearlogo>
            <screenshot></screenshot>
        </assets>
   	</extension>
</addon>
